-- phpMyAdmin SQL Dump
-- version 5.1.0
-- https://www.phpmyadmin.net/
--
-- Host: 127.0.0.1
-- Generation Time: Jul 20, 2021 at 12:25 AM
-- Server version: 10.4.18-MariaDB
-- PHP Version: 8.0.5

SET SQL_MODE = "NO_AUTO_VALUE_ON_ZERO";
START TRANSACTION;
SET time_zone = "+00:00";


/*!40101 SET @OLD_CHARACTER_SET_CLIENT=@@CHARACTER_SET_CLIENT */;
/*!40101 SET @OLD_CHARACTER_SET_RESULTS=@@CHARACTER_SET_RESULTS */;
/*!40101 SET @OLD_COLLATION_CONNECTION=@@COLLATION_CONNECTION */;
/*!40101 SET NAMES utf8mb4 */;

--
-- Database: `jailbreak`
--

-- --------------------------------------------------------

--
-- Table structure for table `app`
--

CREATE TABLE `app` (
  `app_id` int(11) NOT NULL,
  `name` varchar(255) DEFAULT NULL,
  `link` varchar(255) DEFAULT NULL,
  `alternativelink` varchar(255) DEFAULT NULL,
  `image` varchar(255) DEFAULT NULL
) ENGINE=MyISAM DEFAULT CHARSET=latin1;

--
-- Dumping data for table `app`
--

INSERT INTO `app` (`app_id`, `name`, `link`, `alternativelink`, `image`) VALUES
(1, 'Checkrain', 'https://silzee.com/Checkm8', 'https://silzee.com/tweaked-apps/', 'img-checkrain.png'),
(2, 'Odyssey', 'https://silzee.com/Odyssey/', 'https://silzee.com/tweaked-apps/', 'img-Odyssy.png'),
(3, 'Chimera', 'https://silzee.com/chimera/', 'https://silzee.com/tweaked-apps/', 'img-Chimera.png'),
(4, 'Electra1131', 'https://silzee.com/electra/', 'https://silzee.com/tweaked-apps/', 'img-Electra1131.png\r\n'),
(5, 'Uncover', 'https://silzee.com/unc0ver/', 'https://silzee.com/tweaked-apps/', 'img-uncover.png'),
(6, 'Electra1112', 'https://silzee.com/electra/', 'https://silzee.com/tweaked-apps/', 'img-electra1112.png'),
(7, 'LiberiOS', NULL, 'https://silzee.com/tweaked-apps/', 'img-LiberiOS.png'),
(8, 'Spyware-lol', NULL, NULL, 'img-Spywarelol.png'),
(9, 'Goblin', NULL, NULL, 'img-goblin.png'),
(10, 'Meridian', NULL, NULL, 'img-meridian.png'),
(11, 'Realhelix', NULL, NULL, 'img-realhelix.png'),
(12, 'Saigon', NULL, NULL, 'img-saigon.png'),
(13, 'Etason', NULL, NULL, 'img-etason.png'),
(14, 'Phoenix', 'https://silzee.com/Phoenix/', NULL, 'img-Phoenix.png'),
(15, 'Kok3shi', NULL, NULL, 'img-kok3shi.png'),
(16, 'Yalu102', NULL, NULL, 'img-yalu102.png'),
(17, 'March_Porta+Yalu', 'https://yalu.qwertyoruiop.com/', NULL, 'img-yalu102.png'),
(18, 'PP Jailbreak', NULL, NULL, 'img-pangu 9.png'),
(19, 'Pangu 9', NULL, NULL, 'img-pangu 9.png'),
(20, 'PPjailbreak+Pangu', NULL, NULL, 'img-pp jailbreak.png'),
(21, 'Taiq', NULL, NULL, 'img-TaiG.png'),
(22, 'Pangu 8', NULL, NULL, 'img-pangu8.png'),
(23, 'Pangu 7', NULL, NULL, 'img-pangu 9.png'),
(24, 'Posixspwn', NULL, NULL, 'img-posixmp.png'),
(25, 'Evasion 7', NULL, NULL, 'img-evasorn 7.png'),
(26, 'Evasion', NULL, NULL, 'img-evasion.png'),
(27, 'Absinth 2.0.4', NULL, NULL, 'img-abisinth 2.0.4.png'),
(28, 'Red Snow', NULL, NULL, 'img-rednsow.png'),
(29, 'jailbreak Me 3.0', NULL, NULL, 'img-jailbreakme 3.0.png'),
(30, 'Taurine \r\n', 'https://silzee.com/TaurineJailbreak/', 'https://silzee.com/tweaked-apps/', 'img-turnity.png');

-- --------------------------------------------------------

--
-- Table structure for table `app_version`
--

CREATE TABLE `app_version` (
  `id` int(11) NOT NULL,
  `app_id` int(11) NOT NULL,
  `VersionID` int(11) NOT NULL
) ENGINE=InnoDB DEFAULT CHARSET=utf8mb4;

--
-- Dumping data for table `app_version`
--

INSERT INTO `app_version` (`id`, `app_id`, `VersionID`) VALUES
(1, 1, 114),
(2, 1, 115),
(3, 1, 116),
(4, 1, 117),
(5, 1, 118),
(6, 1, 119),
(7, 1, 120),
(8, 1, 121),
(9, 1, 122),
(10, 1, 123),
(11, 1, 124),
(12, 1, 125),
(13, 1, 126),
(14, 1, 127),
(15, 1, 128),
(16, 1, 129),
(17, 1, 130),
(18, 1, 131),
(19, 1, 132),
(20, 1, 133),
(21, 1, 134),
(22, 1, 135),
(23, 1, 136),
(24, 1, 137),
(25, 1, 138),
(26, 1, 139),
(27, 1, 140),
(28, 1, 141),
(29, 1, 142),
(30, 1, 143),
(31, 1, 144),
(32, 1, 145),
(33, 1, 146),
(34, 1, 147),
(35, 1, 148),
(36, 1, 149),
(37, 1, 150),
(38, 1, 151),
(39, 1, 152),
(40, 1, 153),
(41, 1, 154),
(42, 1, 155),
(43, 1, 156),
(44, 1, 157),
(45, 1, 158),
(46, 1, 159),
(47, 1, 160),
(48, 1, 161),
(49, 1, 162),
(51, 2, 138),
(52, 2, 139),
(53, 2, 140),
(54, 2, 141),
(55, 2, 142),
(56, 2, 143),
(57, 2, 144),
(58, 2, 145),
(59, 2, 146),
(60, 2, 147),
(61, 2, 148),
(62, 2, 149),
(63, 2, 150),
(64, 2, 151),
(65, 2, 152),
(66, 2, 153),
(67, 2, 154),
(68, 2, 155),
(69, 3, 114),
(70, 3, 115),
(71, 3, 116),
(72, 3, 117),
(73, 3, 118),
(74, 3, 119),
(75, 3, 120),
(76, 3, 121),
(77, 3, 122),
(78, 3, 123),
(79, 3, 124),
(80, 3, 125),
(81, 3, 126),
(82, 3, 127),
(83, 3, 128),
(84, 3, 129),
(85, 3, 130),
(86, 3, 131),
(87, 3, 132),
(88, 3, 133),
(89, 3, 134),
(90, 3, 135),
(91, 3, 136),
(92, 3, 137),
(93, 4, 98),
(94, 4, 99),
(95, 4, 100),
(96, 4, 101),
(97, 4, 102),
(98, 4, 103),
(99, 4, 104),
(100, 4, 105),
(101, 4, 106),
(102, 4, 107),
(103, 4, 108),
(104, 4, 109),
(105, 4, 110),
(106, 4, 111),
(107, 4, 112),
(108, 4, 113),
(109, 5, 98),
(110, 5, 99),
(111, 5, 100),
(112, 5, 101),
(113, 5, 102),
(114, 5, 103),
(115, 5, 104),
(116, 5, 105),
(117, 5, 106),
(118, 5, 107),
(119, 5, 108),
(120, 5, 109),
(121, 5, 110),
(122, 5, 111),
(123, 5, 112),
(124, 5, 113),
(125, 5, 114),
(126, 5, 115),
(127, 5, 116),
(128, 5, 117),
(129, 5, 118),
(130, 5, 119),
(131, 5, 120),
(132, 5, 121),
(133, 5, 122),
(134, 5, 123),
(135, 5, 124),
(136, 5, 125),
(137, 5, 126),
(138, 5, 127),
(139, 5, 128),
(140, 5, 129),
(141, 5, 130),
(142, 5, 131),
(143, 5, 132),
(144, 5, 133),
(145, 5, 134),
(146, 5, 135),
(147, 5, 136),
(148, 5, 137),
(149, 5, 138),
(150, 5, 139),
(151, 5, 140),
(152, 5, 141),
(153, 5, 142),
(154, 5, 143),
(155, 5, 144),
(156, 5, 145),
(157, 5, 146),
(158, 5, 147),
(159, 5, 148),
(160, 5, 149),
(161, 5, 150),
(162, 5, 151),
(163, 5, 152),
(164, 5, 153),
(165, 5, 154),
(166, 5, 155),
(167, 5, 156),
(168, 5, 157),
(169, 5, 158),
(170, 5, 159),
(171, 5, 160),
(172, 5, 161),
(173, 6, 98),
(174, 6, 99),
(175, 6, 100),
(176, 6, 101),
(177, 6, 102),
(178, 6, 103),
(179, 6, 104),
(180, 7, 98),
(181, 7, 99),
(182, 7, 100),
(183, 7, 101),
(184, 7, 102),
(185, 7, 103),
(186, 7, 104),
(187, 8, 93),
(188, 8, 94),
(189, 8, 95),
(190, 8, 96),
(191, 9, 93),
(192, 9, 94),
(193, 9, 95),
(194, 9, 96),
(195, 10, 93),
(196, 10, 94),
(197, 10, 95),
(198, 10, 96),
(199, 11, 86),
(200, 11, 87),
(201, 11, 88),
(202, 11, 89),
(203, 11, 90),
(204, 11, 91),
(205, 11, 92),
(206, 11, 93),
(207, 11, 94),
(208, 11, 95),
(209, 11, 96),
(210, 11, 97),
(211, 12, 92),
(212, 13, 72),
(213, 14, 84),
(214, 15, 79),
(215, 15, 80),
(216, 15, 81),
(217, 15, 82),
(218, 15, 83),
(219, 15, 84),
(220, 16, 86),
(221, 16, 87),
(222, 16, 88),
(223, 16, 89),
(224, 16, 90),
(225, 16, 91),
(226, 17, 87),
(227, 17, 88),
(228, 17, 89),
(229, 17, 90),
(230, 18, 77),
(231, 18, 78),
(232, 18, 79),
(233, 18, 80),
(234, 18, 81),
(235, 18, 82),
(236, 19, 73),
(237, 19, 74),
(238, 20, 62),
(239, 20, 63),
(240, 20, 64),
(241, 20, 65),
(242, 20, 66),
(243, 20, 67),
(244, 20, 68),
(245, 20, 69),
(246, 20, 70),
(247, 20, 71),
(248, 20, 72),
(249, 21, 62),
(250, 21, 63),
(251, 21, 64),
(252, 21, 65),
(253, 21, 66),
(254, 21, 67),
(255, 21, 68),
(256, 21, 69),
(257, 21, 70),
(258, 21, 71),
(259, 22, 62),
(260, 22, 63),
(261, 22, 64),
(262, 22, 65),
(263, 23, 59),
(264, 23, 60),
(265, 23, 61),
(266, 24, 48),
(267, 24, 49),
(268, 24, 50),
(269, 24, 51),
(270, 25, 52),
(271, 25, 53),
(272, 25, 54),
(273, 25, 55),
(274, 25, 56),
(275, 25, 57),
(276, 25, 58),
(277, 26, 42),
(278, 26, 43),
(279, 26, 44),
(280, 26, 45),
(281, 26, 46),
(282, 26, 47),
(283, 27, 41),
(284, 28, 31),
(285, 28, 32),
(286, 28, 33),
(287, 28, 34),
(288, 28, 35),
(289, 28, 36),
(290, 28, 37),
(291, 28, 38),
(292, 28, 39),
(293, 28, 40),
(294, 28, 41),
(295, 28, 42),
(296, 28, 43),
(297, 28, 44),
(298, 28, 45),
(299, 28, 46),
(300, 28, 47),
(301, 28, 48),
(302, 28, 49),
(303, 28, 50),
(304, 28, 51),
(305, 29, 33),
(306, 29, 34),
(307, 29, 35),
(308, 29, 36),
(467, 30, 156),
(468, 30, 157),
(469, 30, 158),
(470, 30, 159),
(471, 30, 160),
(472, 30, 161),
(473, 1, 163),
(474, 1, 164),
(475, 1, 165),
(476, 1, 166);

-- --------------------------------------------------------

--
-- Table structure for table `device`
--

CREATE TABLE `device` (
  `DeviceID` int(100) NOT NULL,
  `Name` varchar(100) NOT NULL
) ENGINE=InnoDB DEFAULT CHARSET=utf8mb4;

--
-- Dumping data for table `device`
--

INSERT INTO `device` (`DeviceID`, `Name`) VALUES
(1, 'IPhone'),
(2, 'IPad'),
(3, 'IPod Touch');

-- --------------------------------------------------------

--
-- Table structure for table `model`
--

CREATE TABLE `model` (
  `ModelID` int(100) NOT NULL,
  `ModelNumber` varchar(255) NOT NULL,
  `DeviceID` int(11) DEFAULT NULL,
  `Start_varsion` varchar(225) NOT NULL,
  `End_varsion` varchar(225) NOT NULL
) ENGINE=InnoDB DEFAULT CHARSET=utf8mb4;

--
-- Dumping data for table `model`
--

INSERT INTO `model` (`ModelID`, `ModelNumber`, `DeviceID`, `Start_varsion`, `End_varsion`) VALUES
(1, 'iPhone ', 1, '2', '23'),
(2, 'iPhone 3G  ', 1, '11', '32'),
(3, 'iPhone 3GS    \r\n ', 1, '18', '51'),
(4, 'iPad (1st Gen)', 2, '24', '41'),
(5, 'iPad 2', 2, '33', '85'),
(6, 'iPad (3rd Gen)', 2, '40', '85'),
(8, '1G', 3, '5', '10'),
(9, '2G', 3, '15', '32'),
(10, 'iPhone 4 ', 1, '28', '61'),
(11, 'iPhone 4S    ', 1, '38', '85'),
(12, 'iPhone 5\r\n', 1, '42', '97'),
(13, 'iPhone 5C  \r\n', 1, '52', '96'),
(14, 'iPhone 5S\r\n', 1, '52', '127'),
(15, 'iPhone 6 \r\n', 1, '62', '127'),
(16, 'iPhone 6 Plus    \r\n', 1, '62', '127'),
(17, 'iPhone 6s    \r\n', 1, '73', '166'),
(18, 'iPhone 6s Plus', 1, '73', '166'),
(19, 'iPhone SE (1st)    ', 1, '79', '166'),
(20, 'iPhone 7    \r\n', 1, '87', '166'),
(21, 'iPhone 7 Plus   \r\n', 1, '87', '166'),
(22, 'iPhone 8   ', 1, '98', '166'),
(23, 'iPhone 8 Plus    \r\n', 1, '98', '166'),
(24, 'iPhone X\r\n', 1, '100', '166'),
(25, 'iPhone XS    \r\n', 1, '114', '166'),
(26, 'iPhone XS Max      \r\n', 1, '114', '166'),
(27, 'iPhone XR', 1, '114', '166'),
(28, 'iPhone 11 ', 1, '138', '166'),
(29, 'iPhone 11 Pro', 1, '138', '166'),
(30, 'iPhone 11 Pro Max', 1, '138', '166'),
(31, 'iPhone SE 2nd Gen    ', 1, '149', '166'),
(32, 'iPhone 12 Mini\r\n', 1, '159', '166'),
(33, 'iPhone 12\r\n', 1, '158', '166'),
(34, 'iPhone 12 Pro\r\n', 1, '158', '166'),
(35, 'iPhone 12 Pro Max\r\n', 1, '158', '166'),
(36, 'iPad Mini', 2, '43', '85'),
(37, 'iPad (4th Gen)', 2, '42', '85'),
(38, 'iPad Air', 2, '55', '137'),
(39, 'iPad Mini 2\r\n', 2, '55', '137'),
(40, 'iPad Mini 3\r\n', 2, '65', '137'),
(41, 'iPad Air 2', 2, '65', '166'),
(42, 'iPad Mini 4', 2, '73', '166'),
(43, 'iPad Pro (1st, 12.9\')\r\n', 2, '65', '166'),
(44, 'iPad Pro (1st, 9.7\'\')', 2, '76', '166'),
(45, 'iPad (5th Gen)', 2, '92', '166'),
(46, 'iPad Pro (2nd, 10.5\'\'/12.9\'\')', 2, '95', '166'),
(47, 'iPad (6th Gen)', 2, '109', '166'),
(48, 'iPad Pro (3rd, 11\"/12.9\")', 2, '116', '166'),
(49, 'iPad Air (3rd Gen)', 2, '116', '166'),
(50, 'iPad Mini (5th Gen)', 2, '122', '166'),
(51, 'iPad (7th Gen)', 2, '139', '166'),
(52, 'iPad Pro (4th, 11\"/12.9\")', 2, '149', '166'),
(53, 'iPad (8th Gen)', 2, '156', '166'),
(54, 'iPad Air (4th Gen)', 2, '156', '166'),
(55, '3G', 3, '22', '41'),
(56, '4G', 3, '31', '51'),
(57, '5G', 3, '42', '68'),
(58, '6G', 3, '71', '94'),
(59, '7G', 3, '151', '166'),
(61, 'iPad Pro (4th, 11\") ', 2, '149', '166');

-- --------------------------------------------------------

--
-- Table structure for table `model_app`
--

CREATE TABLE `model_app` (
  `id` int(225) NOT NULL,
  `model_id` int(255) NOT NULL,
  `app_id` int(255) NOT NULL
) ENGINE=InnoDB DEFAULT CHARSET=utf8mb4;

--
-- Dumping data for table `model_app`
--

INSERT INTO `model_app` (`id`, `model_id`, `app_id`) VALUES
(1, 14, 1),
(2, 15, 1),
(3, 16, 1),
(4, 17, 1),
(5, 18, 1),
(6, 19, 1),
(7, 20, 1),
(8, 21, 1),
(9, 22, 1),
(10, 23, 1),
(11, 24, 1),
(12, 45, 1),
(13, 47, 1),
(14, 51, 1),
(15, 41, 1),
(16, 42, 1),
(17, 43, 1),
(18, 44, 1),
(19, 46, 1),
(20, 58, 1),
(21, 17, 2),
(22, 18, 2),
(23, 19, 2),
(24, 20, 2),
(25, 21, 2),
(26, 22, 2),
(27, 23, 2),
(28, 24, 2),
(29, 25, 2),
(30, 26, 2),
(31, 27, 2),
(32, 28, 2),
(33, 29, 2),
(34, 35, 2),
(35, 31, 2),
(36, 50, 2),
(37, 49, 2),
(38, 42, 2),
(39, 40, 2),
(40, 39, 2),
(41, 46, 2),
(42, 43, 2),
(43, 48, 2),
(44, 44, 2),
(45, 41, 2),
(46, 38, 2),
(47, 59, 2),
(48, 14, 3),
(49, 15, 3),
(50, 16, 3),
(51, 17, 3),
(52, 18, 3),
(53, 19, 3),
(54, 20, 3),
(55, 21, 3),
(56, 22, 3),
(57, 24, 3),
(58, 25, 3),
(59, 26, 3),
(60, 27, 3),
(61, 45, 3),
(62, 38, 3),
(63, 41, 3),
(64, 39, 3),
(65, 40, 3),
(66, 42, 3),
(67, 43, 3),
(68, 24, 3),
(69, 58, 3),
(70, 14, 5),
(71, 15, 5),
(72, 16, 5),
(73, 17, 5),
(74, 18, 5),
(75, 19, 5),
(76, 20, 5),
(77, 21, 5),
(78, 22, 5),
(79, 24, 5),
(80, 25, 5),
(81, 26, 5),
(82, 27, 5),
(83, 28, 5),
(84, 29, 5),
(85, 31, 5),
(86, 34, 5),
(87, 30, 5),
(88, 32, 5),
(89, 33, 5),
(90, 45, 5),
(91, 38, 5),
(92, 41, 5),
(93, 39, 5),
(94, 40, 5),
(95, 42, 5),
(96, 43, 5),
(97, 58, 5),
(98, 14, 4),
(99, 15, 4),
(100, 16, 4),
(101, 17, 4),
(102, 18, 4),
(103, 19, 4),
(104, 20, 4),
(105, 21, 4),
(106, 22, 4),
(107, 25, 4),
(108, 24, 4),
(109, 45, 4),
(110, 38, 4),
(111, 41, 4),
(112, 39, 4),
(113, 40, 4),
(114, 42, 4),
(115, 43, 4),
(116, 58, 4),
(117, 14, 6),
(118, 15, 6),
(119, 16, 6),
(120, 17, 6),
(121, 18, 6),
(122, 19, 6),
(123, 20, 6),
(124, 21, 6),
(125, 22, 6),
(126, 25, 6),
(127, 24, 6),
(128, 45, 6),
(129, 38, 6),
(130, 41, 6),
(131, 39, 6),
(132, 40, 6),
(133, 42, 6),
(134, 43, 6),
(135, 58, 6),
(136, 14, 7),
(137, 15, 7),
(138, 16, 7),
(139, 17, 7),
(140, 18, 7),
(141, 19, 7),
(142, 20, 7),
(143, 21, 7),
(144, 22, 7),
(145, 25, 7),
(146, 24, 7),
(147, 41, 7),
(148, 39, 7),
(149, 40, 7),
(150, 42, 7),
(151, 43, 7),
(152, 58, 7),
(153, 19, 8),
(154, 14, 8),
(155, 17, 8),
(156, 15, 8),
(157, 16, 8),
(158, 18, 8),
(159, 20, 8),
(160, 21, 8),
(161, 38, 8),
(162, 41, 8),
(163, 39, 8),
(164, 42, 8),
(165, 40, 8),
(166, 45, 8),
(167, 44, 8),
(168, 43, 8),
(169, 46, 8),
(170, 58, 8),
(171, 19, 9),
(172, 14, 9),
(173, 17, 9),
(174, 15, 9),
(175, 16, 9),
(176, 38, 9),
(177, 41, 9),
(178, 39, 9),
(179, 42, 9),
(180, 40, 9),
(181, 45, 9),
(182, 58, 9),
(183, 43, 9),
(184, 18, 9),
(185, 19, 10),
(186, 14, 10),
(187, 17, 10),
(188, 18, 10),
(189, 15, 10),
(190, 16, 10),
(191, 38, 10),
(192, 41, 10),
(193, 39, 10),
(194, 42, 10),
(195, 40, 10),
(196, 45, 10),
(197, 43, 10),
(198, 58, 10),
(199, 12, 11),
(200, 13, 11),
(201, 42, 11),
(202, 19, 12),
(203, 14, 12),
(204, 17, 12),
(205, 18, 12),
(206, 15, 12),
(207, 16, 12),
(208, 40, 12),
(209, 42, 12),
(210, 58, 12),
(211, 11, 13),
(212, 12, 13),
(213, 13, 13),
(214, 5, 13),
(215, 36, 13),
(216, 6, 13),
(217, 37, 13),
(218, 57, 13),
(219, 11, 14),
(220, 12, 14),
(221, 13, 14),
(222, 5, 14),
(223, 36, 14),
(224, 6, 14),
(225, 37, 14),
(226, 57, 14),
(227, 14, 15),
(228, 15, 15),
(229, 16, 15),
(230, 38, 15),
(231, 41, 15),
(232, 39, 15),
(233, 40, 15),
(234, 42, 15),
(235, 58, 15),
(236, 14, 16),
(237, 15, 16),
(238, 16, 16),
(239, 17, 16),
(240, 18, 16),
(241, 19, 16),
(242, 41, 16),
(243, 39, 16),
(244, 40, 16),
(245, 43, 16),
(246, 58, 16),
(247, 17, 17),
(248, 18, 17),
(249, 20, 17),
(250, 21, 17),
(251, 43, 17),
(252, 14, 18),
(253, 15, 18),
(254, 18, 18),
(255, 19, 18),
(256, 38, 18),
(257, 41, 18),
(258, 39, 18),
(259, 40, 18),
(260, 42, 18),
(261, 43, 18),
(262, 58, 18),
(263, 11, 19),
(264, 12, 19),
(265, 13, 19),
(266, 14, 19),
(267, 15, 19),
(268, 16, 19),
(269, 5, 19),
(270, 6, 19),
(271, 37, 19),
(272, 38, 19),
(273, 41, 19),
(274, 36, 19),
(275, 39, 19),
(276, 40, 19),
(277, 42, 19),
(278, 43, 19),
(279, 57, 19),
(280, 58, 19),
(281, 11, 20),
(282, 12, 20),
(283, 13, 20),
(284, 14, 20),
(285, 15, 20),
(286, 16, 20),
(287, 5, 20),
(288, 6, 20),
(289, 37, 20),
(290, 38, 20),
(291, 41, 20),
(292, 36, 20),
(293, 39, 20),
(294, 40, 20),
(295, 42, 20),
(296, 43, 20),
(297, 57, 20),
(298, 58, 20),
(299, 11, 21),
(300, 12, 21),
(301, 13, 21),
(302, 14, 21),
(303, 15, 21),
(304, 16, 21),
(305, 5, 21),
(306, 6, 21),
(307, 37, 21),
(308, 38, 21),
(309, 41, 21),
(310, 36, 21),
(311, 39, 21),
(312, 40, 21),
(313, 42, 21),
(314, 43, 21),
(315, 57, 21),
(316, 58, 21),
(317, 11, 22),
(318, 12, 22),
(319, 13, 22),
(320, 14, 22),
(321, 15, 22),
(322, 16, 22),
(323, 5, 22),
(324, 6, 22),
(325, 37, 22),
(326, 38, 22),
(327, 41, 22),
(328, 36, 22),
(329, 39, 22),
(330, 40, 22),
(331, 42, 22),
(332, 43, 22),
(333, 57, 22),
(334, 11, 23),
(335, 12, 23),
(336, 13, 23),
(337, 14, 23),
(338, 15, 23),
(339, 16, 23),
(340, 5, 23),
(341, 6, 23),
(342, 37, 23),
(343, 38, 23),
(344, 41, 23),
(345, 36, 23),
(346, 39, 23),
(347, 42, 23),
(348, 43, 23),
(349, 57, 23),
(350, 3, 24),
(351, 4, 24),
(352, 11, 24),
(353, 12, 24),
(354, 5, 24),
(355, 6, 24),
(356, 37, 24),
(357, 36, 24),
(358, 56, 24),
(359, 57, 24),
(360, 10, 25),
(361, 11, 25),
(362, 12, 25),
(363, 14, 25),
(364, 13, 25),
(365, 5, 25),
(366, 6, 25),
(367, 37, 25),
(368, 38, 25),
(369, 36, 25),
(370, 39, 25),
(371, 57, 25),
(372, 3, 26),
(373, 10, 26),
(374, 11, 26),
(375, 12, 26),
(376, 5, 26),
(377, 6, 26),
(378, 37, 26),
(379, 36, 26),
(380, 57, 26),
(381, 3, 27),
(382, 10, 27),
(383, 11, 27),
(384, 5, 27),
(385, 6, 27),
(386, 37, 27),
(387, 36, 27),
(388, 8, 27),
(389, 4, 27),
(390, 36, 27),
(391, 3, 28),
(392, 10, 28),
(393, 4, 28),
(394, 8, 28),
(395, 3, 29),
(396, 10, 29),
(397, 4, 29),
(398, 8, 29),
(399, 5, 29),
(400, 34, 30),
(401, 30, 30),
(402, 32, 30),
(403, 33, 30),
(404, 31, 30),
(405, 28, 30),
(406, 29, 30),
(407, 35, 30),
(408, 24, 30),
(409, 26, 30),
(410, 27, 30),
(411, 22, 30),
(412, 25, 30),
(413, 20, 30),
(414, 21, 30),
(415, 17, 30),
(416, 18, 30),
(417, 19, 30),
(418, 45, 30),
(419, 30, 8),
(420, 42, 30),
(421, 47, 30),
(422, 46, 30),
(423, 48, 30),
(424, 43, 30),
(425, 44, 30),
(426, 41, 30),
(427, 38, 30);

-- --------------------------------------------------------

--
-- Table structure for table `model_supported_version`
--

CREATE TABLE `model_supported_version` (
  `model_id` int(225) NOT NULL,
  `start_varsion` int(225) NOT NULL,
  `end_varsion` int(225) NOT NULL
) ENGINE=InnoDB DEFAULT CHARSET=utf8mb4;

--
-- Dumping data for table `model_supported_version`
--

INSERT INTO `model_supported_version` (`model_id`, `start_varsion`, `end_varsion`) VALUES
(1, 2, 23);

-- --------------------------------------------------------

--
-- Table structure for table `versions`
--

CREATE TABLE `versions` (
  `vid` int(11) NOT NULL,
  `versions` varchar(225) NOT NULL
) ENGINE=InnoDB DEFAULT CHARSET=utf8mb4;

--
-- Dumping data for table `versions`
--

INSERT INTO `versions` (`vid`, `versions`) VALUES
(1, 'Select Varsions'),
(2, '1.0 '),
(3, '1.0.1 '),
(4, '1.0.2 '),
(5, '1.1 '),
(6, '1.1.1 '),
(7, '1.1.2 '),
(8, '1.1.3 '),
(9, '1.1.4 '),
(10, '1.1.5 '),
(11, '2.0 '),
(12, '2.0.1'),
(13, '2.0.2 '),
(14, '2.1 '),
(15, '2.1.1 '),
(16, '2.2 '),
(17, '2.2.1 '),
(18, '3.0'),
(19, '3.0.1 '),
(20, '3.1 '),
(21, '3.1.1 '),
(22, '3.1.2 '),
(23, '3.1.3'),
(24, '3.2'),
(25, '3.2.1 '),
(28, '  4.0 '),
(29, '4.0.1 '),
(30, '4.0.2 '),
(31, '4.1 '),
(32, '4.2.1'),
(33, '  4.3 '),
(34, '4.3.1 '),
(35, '4.3.2 '),
(36, '4.3.3 '),
(37, '4.3.4'),
(38, '  5.0  '),
(39, ' 5.0.1  '),
(40, '  5.1  '),
(41, ' 5.1.1'),
(42, '6.0  '),
(43, '  6.0.1  '),
(44, '6.0.2  '),
(45, '  6.1 '),
(46, '  6.1.1  '),
(47, ' 6.1.2 '),
(48, ' 6.1.3  '),
(49, '  6.1.4 '),
(50, ' 6.1.5  '),
(51, '  6.1.6 '),
(52, '7.0 '),
(53, '  7.0.1  '),
(54, '7.0.2  '),
(55, '  7.0.3 '),
(56, ' 7.0.4 '),
(57, ' 7.0.5 '),
(58, ' 7.0.6'),
(59, '  7.1'),
(60, '7.1.1'),
(61, ' 7.1.2 '),
(62, '8.0 '),
(63, '  8.0.1 '),
(64, '8.0.2  '),
(65, '  8.1 '),
(66, ' 8.1.1 '),
(67, ' 8.1.2 '),
(68, ' 8.1.3'),
(69, '  8.2'),
(70, '8.3'),
(71, ' 8.4 '),
(72, '8.4.1'),
(73, '  9.0 '),
(74, ' 9.0.1 '),
(75, ' 9.0.2 '),
(76, ' 9.1'),
(77, '  9.2'),
(78, '9.2.1'),
(79, ' 9.3 '),
(80, '9.3.1'),
(81, '  9.3.2 '),
(82, ' 9.3.3 '),
(83, ' 9.3.4 '),
(84, ' 9.3.5'),
(85, ' 9.3.6'),
(86, '  10.0 '),
(87, ' 10.0.1'),
(88, ' 10.0.3'),
(89, ' 10.1'),
(90, '  10.1.1'),
(91, '10.2'),
(92, ' 10.2.1'),
(93, '10.3'),
(94, '  10.3.1'),
(95, ' 10.3.2'),
(96, ' 10.3.3 '),
(97, ' 10.3.4 '),
(98, '11.0  '),
(99, '11.0.1   '),
(100, '11.0.2  '),
(101, '11.0.3   '),
(102, '11.1  '),
(103, '11.1.1  '),
(104, '11.1.2   '),
(105, ' 11.2 '),
(106, ' 11.2.1  '),
(107, '11.2.2  '),
(108, '11.2.5   '),
(109, '11.2.6  '),
(110, ' 11.3  '),
(111, '11.3.1  '),
(112, '11.4   '),
(113, ' 11.4.1 '),
(114, '12.0   '),
(115, '12.0.1  '),
(116, '12.1   '),
(117, '12.1.1  '),
(118, ' 12.1.1  '),
(119, '12.1.2  '),
(120, '12.1.3   '),
(121, '12.1.4 '),
(122, '12.2   '),
(123, '12.3   '),
(124, '12.3.1  '),
(125, '12.3.2   '),
(126, '12.4  '),
(127, ' 12.4.1  '),
(128, '12.4.2   '),
(129, '12.4.3  '),
(130, '12.4.4   '),
(131, '12.4.5'),
(132, ' 12.4.6  '),
(133, '12.4.7 '),
(134, '12.4.8 '),
(135, '12.4.9   '),
(136, '12.5  '),
(137, ' 12.5.1  '),
(138, '13.0  '),
(139, '13.1  '),
(140, '13.1.1 '),
(141, '13.1.2 '),
(142, '13.1.3  '),
(143, '13.2  '),
(144, '13.2.1  '),
(145, '13.2.2 '),
(146, '13.2.3  '),
(147, '13.3  '),
(148, ' 13.3.1'),
(149, '13.4  '),
(150, '13.4.1 '),
(151, '13.5  '),
(152, '13.5.1 '),
(153, '13.6 '),
(154, '13.6.1'),
(155, '13.7'),
(156, '14.0'),
(157, '14.0.1 '),
(158, '14.1'),
(159, '14.2 '),
(160, '14.2.1 '),
(161, ' 14.3'),
(162, '14.4 '),
(163, '14.5 '),
(164, '14.5.1 '),
(165, '14.6 '),
(166, ' 14.7\r\n');

--
-- Indexes for dumped tables
--

--
-- Indexes for table `app`
--
ALTER TABLE `app`
  ADD PRIMARY KEY (`app_id`);

--
-- Indexes for table `app_version`
--
ALTER TABLE `app_version`
  ADD PRIMARY KEY (`id`);

--
-- Indexes for table `device`
--
ALTER TABLE `device`
  ADD PRIMARY KEY (`DeviceID`);

--
-- Indexes for table `model`
--
ALTER TABLE `model`
  ADD PRIMARY KEY (`ModelID`);

--
-- Indexes for table `model_app`
--
ALTER TABLE `model_app`
  ADD PRIMARY KEY (`id`);

--
-- Indexes for table `model_supported_version`
--
ALTER TABLE `model_supported_version`
  ADD PRIMARY KEY (`model_id`);

--
-- Indexes for table `versions`
--
ALTER TABLE `versions`
  ADD PRIMARY KEY (`vid`);

--
-- AUTO_INCREMENT for dumped tables
--

--
-- AUTO_INCREMENT for table `app`
--
ALTER TABLE `app`
  MODIFY `app_id` int(11) NOT NULL AUTO_INCREMENT, AUTO_INCREMENT=31;

--
-- AUTO_INCREMENT for table `app_version`
--
ALTER TABLE `app_version`
  MODIFY `id` int(11) NOT NULL AUTO_INCREMENT, AUTO_INCREMENT=477;

--
-- AUTO_INCREMENT for table `device`
--
ALTER TABLE `device`
  MODIFY `DeviceID` int(100) NOT NULL AUTO_INCREMENT, AUTO_INCREMENT=7;

--
-- AUTO_INCREMENT for table `model`
--
ALTER TABLE `model`
  MODIFY `ModelID` int(100) NOT NULL AUTO_INCREMENT, AUTO_INCREMENT=65;

--
-- AUTO_INCREMENT for table `model_app`
--
ALTER TABLE `model_app`
  MODIFY `id` int(225) NOT NULL AUTO_INCREMENT, AUTO_INCREMENT=428;

--
-- AUTO_INCREMENT for table `versions`
--
ALTER TABLE `versions`
  MODIFY `vid` int(11) NOT NULL AUTO_INCREMENT, AUTO_INCREMENT=168;
COMMIT;

/*!40101 SET CHARACTER_SET_CLIENT=@OLD_CHARACTER_SET_CLIENT */;
/*!40101 SET CHARACTER_SET_RESULTS=@OLD_CHARACTER_SET_RESULTS */;
/*!40101 SET COLLATION_CONNECTION=@OLD_COLLATION_CONNECTION */;
